{"Status":1,"originalRegions":{"0":{"Center":"0,0","curTorelant":0.0,"List_Y":[241.19000244140625,395.19000244140625,399.19000244140625,311.19000244140625,315.19000244140625],"List_X":[251.5,377.5,288.5,344.5,312.5]},"1":{"Center":"0,0","curTorelant":0.0,"List_Y":[89.296875,177.296875,184.296875],"List_X":[445.75,506.75,322.75]},"2":{"Center":"0,0","curTorelant":0.0,"List_Y":[245.04000091552734,282.04000091552734,220.04000091552734,357.04000091552734,302.04000091552734,206.04000091552734],"List_X":[298.0,71.0,167.0,92.0,127.0,36.0]},"3":{"Center":"0,0","curTorelant":0.0,"List_Y":[245.04000091552734,282.04000091552734,220.04000091552734,357.04000091552734,302.04000091552734,206.04000091552734],"List_X":[298.0,71.0,167.0,92.0,127.0,36.0]},"4":{"Center":"0,0","curTorelant":0.0,"List_Y":[215.08999633789062,189.08999633789062,142.08999633789062,149.08999633789062,210.08999633789062],"List_X":[274.25,111.25,148.25,58.25,110.25]},"5":{"Center":"0,0","curTorelant":0.0,"List_Y":[215.08999633789062,189.08999633789062,142.08999633789062,149.08999633789062,210.08999633789062],"List_X":[274.25,111.25,148.25,58.25,110.25]}},"classId":["Bridging defect","Overkill"],"regions":{"0":{"Center":"0,0","curTorelant":0.0,"List_Y":[241.19000244140625,395.19000244140625,399.19000244140625,311.19000244140625,315.19000244140625],"List_X":[251.5,377.5,288.5,344.5,312.5]},"11":{"Center":"0,0","curTorelant":0.0,"List_Y":[215.08999633789062,189.08999633789062,142.08999633789062,149.08999633789062,210.08999633789062],"List_X":[274.25,111.25,148.25,58.25,110.25]},"1":{"Center":"0,0","curTorelant":0.0,"List_Y":[241.19000244140625,395.19000244140625,399.19000244140625,311.19000244140625,315.19000244140625],"List_X":[251.5,377.5,288.5,344.5,312.5]},"2":{"Center":"0,0","curTorelant":0.0,"List_Y":[89.296875,177.296875,184.296875],"List_X":[445.75,506.75,322.75]},"3":{"Center":"0,0","curTorelant":0.0,"List_Y":[89.296875,177.296875,184.296875],"List_X":[445.75,506.75,322.75]},"4":{"Center":"0,0","curTorelant":0.0,"List_Y":[245.04000091552734,282.04000091552734,220.04000091552734,357.04000091552734,302.04000091552734,206.04000091552734],"List_X":[298.0,71.0,167.0,92.0,127.0,36.0]},"5":{"Center":"0,0","curTorelant":0.0,"List_Y":[245.04000091552734,282.04000091552734,220.04000091552734,357.04000091552734,302.04000091552734,206.04000091552734],"List_X":[298.0,71.0,167.0,92.0,127.0,36.0]},"6":{"Center":"0,0","curTorelant":0.0,"List_Y":[245.04000091552734,282.04000091552734,220.04000091552734,357.04000091552734,302.04000091552734,206.04000091552734],"List_X":[298.0,71.0,167.0,92.0,127.0,36.0]},"7":{"Center":"0,0","curTorelant":0.0,"List_Y":[245.04000091552734,282.04000091552734,220.04000091552734,357.04000091552734,302.04000091552734,206.04000091552734],"List_X":[298.0,71.0,167.0,92.0,127.0,36.0]},"8":{"Center":"0,0","curTorelant":0.0,"List_Y":[215.08999633789062,189.08999633789062,142.08999633789062,149.08999633789062,210.08999633789062],"List_X":[274.25,111.25,148.25,58.25,110.25]},"9":{"Center":"0,0","curTorelant":0.0,"List_Y":[215.08999633789062,189.08999633789062,142.08999633789062,149.08999633789062,210.08999633789062],"List_X":[274.25,111.25,148.25,58.25,110.25]},"10":{"Center":"0,0","curTorelant":0.0,"List_Y":[215.08999633789062,189.08999633789062,142.08999633789062,149.08999633789062,210.08999633789062],"List_X":[274.25,111.25,148.25,58.25,110.25]}},"filename":"","listIsAutoLabel":[false,false],"pointAutoLabel":["0,0","0,0"],"width":512,"height":512}