{"Status":1,"originalRegions":{"0":{"Center":"0,0","curTorelant":0.0,"List_Y":[336.04000091552734,37.339996337890625,109.33999633789062],"List_X":[397.0,206.0,364.0]}},"classId":["Bridging defect","Overkill"],"regions":{"0":{"Center":"0,0","curTorelant":0.0,"List_Y":[336.04000091552734,37.339996337890625,109.33999633789062],"List_X":[397.0,206.0,364.0]},"1":{"Center":"0,0","curTorelant":0.0,"List_Y":[336.04000091552734,37.339996337890625,109.33999633789062],"List_X":[397.0,206.0,364.0]}},"filename":"110_B_BBI_DARK_Defect_2.bmp","listIsAutoLabel":[false,false],"pointAutoLabel":["0,0","0,0"],"width":512,"height":512}