{"Status":1,"originalRegions":{"0":{"Center":"0,0","curTorelant":0.0,"List_Y":[228.15999603271484,364.15999603271484,339.15999603271484,281.15999603271484],"List_X":[429.0,514.0,392.0,579.0]}},"classId":["Bridging defect","Overkill"],"regions":{"0":{"Center":"0,0","curTorelant":0.0,"List_Y":[228.15999603271484,364.15999603271484,339.15999603271484,281.15999603271484],"List_X":[429.0,514.0,392.0,579.0]}},"filename":"110_B_BBI_DARK_Defect_1.bmp","listIsAutoLabel":[false,false],"pointAutoLabel":["0,0","0,0"],"width":512,"height":512}