{"Status":1,"originalRegions":{"0":{"Center":"0,0","curTorelant":0.0,"List_Y":[299.3399963378906,422.3399963378906,331.3399963378906,257.3399963378906,399.3399963378906],"List_X":[342.5,461.5,163.5,445.5,381.5]}},"classId":["Bridging defect","Overkill"],"regions":{"0":{"Center":"0,0","curTorelant":0.0,"List_Y":[299.3399963378906,422.3399963378906,331.3399963378906,257.3399963378906,399.3399963378906],"List_X":[342.5,461.5,163.5,445.5,381.5]}},"filename":"125_B_BBI_DARK_Defect_1.bmp","listIsAutoLabel":[false,false],"pointAutoLabel":["0,0","0,0"],"width":512,"height":512}