{"Status":1,"originalRegions":{"0":{"Center":"0,0","curTorelant":0.0,"List_Y":[237.19000244140625,372.19000244140625,367.19000244140625,236.19000244140625,378.19000244140625,296.19000244140625,444.19000244140625,422.28997802734375],"List_X":[370.0,511.0,366.0,559.0,214.0,288.0,373.0,457.0]}},"classId":["Bridging defect","Overkill"],"regions":{"0":{"Center":"0,0","curTorelant":0.0,"List_Y":[237.19000244140625,372.19000244140625,367.19000244140625,236.19000244140625,378.19000244140625,296.19000244140625,444.19000244140625,422.28997802734375],"List_X":[370.0,511.0,366.0,559.0,214.0,288.0,373.0,457.0]},"1":{"Center":"0,0","curTorelant":0.0,"List_Y":[237.19000244140625,372.19000244140625,367.19000244140625,236.19000244140625,378.19000244140625,296.19000244140625,444.19000244140625,422.28997802734375],"List_X":[370.0,511.0,366.0,559.0,214.0,288.0,373.0,457.0]}},"filename":"139_B_BBI_DARK_Defect_1.bmp","listIsAutoLabel":[false,false],"pointAutoLabel":["0,0","0,0"],"width":512,"height":512}