{"Status":1,"originalRegions":{"11":{"Center":"0,0","curTorelant":0.0,"List_Y":[101.296875,240.296875,218.296875,171.296875],"List_X":[186.75,253.75,124.75,176.75]},"22":{"Center":"0,0","curTorelant":0.0,"List_Y":[78.296875,64.296875,52.296875,50.296875,29.296875],"List_X":[287.75,431.75,473.75,504.75,429.75]},"12":{"Center":"0,0","curTorelant":0.0,"List_Y":[182.296875,283.296875,133.296875,163.296875,224.296875],"List_X":[442.75,512.75,397.75,497.75,500.75]},"13":{"Center":"0,0","curTorelant":0.0,"List_Y":[197.296875,184.296875,149.296875,184.296875,297.296875,394.296875,373.296875],"List_X":[446.75,371.75,445.75,563.75,537.75,527.75,388.75]},"14":{"Center":"0,0","curTorelant":0.0,"List_Y":[197.296875,184.296875,149.296875,184.296875,297.296875,394.296875,373.296875],"List_X":[446.75,371.75,445.75,563.75,537.75,527.75,388.75]},"15":{"Center":"0,0","curTorelant":0.0,"List_Y":[197.296875,184.296875,149.296875,184.296875,297.296875,394.296875,373.296875],"List_X":[446.75,371.75,445.75,563.75,537.75,527.75,388.75]},"16":{"Center":"0,0","curTorelant":0.0,"List_Y":[197.296875,184.296875,149.296875,184.296875,297.296875,394.296875,373.296875],"List_X":[446.75,371.75,445.75,563.75,537.75,527.75,388.75]},"17":{"Center":"0,0","curTorelant":0.0,"List_Y":[197.296875,184.296875,149.296875,184.296875,297.296875,394.296875,373.296875],"List_X":[446.75,371.75,445.75,563.75,537.75,527.75,388.75]},"18":{"Center":"0,0","curTorelant":0.0,"List_Y":[197.296875,184.296875,149.296875,184.296875,297.296875,394.296875,373.296875],"List_X":[446.75,371.75,445.75,563.75,537.75,527.75,388.75]},"19":{"Center":"0,0","curTorelant":0.0,"List_Y":[145.296875,205.296875,266.296875,168.296875,220.296875,129.296875,263.296875,311.296875],"List_X":[232.75,251.75,131.75,137.75,134.75,272.75,126.75,142.75]},"0":{"Center":"0,0","curTorelant":0.0,"List_Y":[173.33999633789062,347.3400001525879,154.59000396728516,106.59000396728516,222.59000396728516,252.59000396728516,160.59000396728516,278.59000396728516,277.59000396728516,305.59000396728516],"List_X":[325.25,454.25,244.25,318.25,379.25,470.25,508.25,452.25,495.25,505.25]},"1":{"Center":"0,0","curTorelant":0.0,"List_Y":[173.33999633789062,347.3400001525879,154.59000396728516,106.59000396728516,222.59000396728516,252.59000396728516,160.59000396728516,278.59000396728516,277.59000396728516,305.59000396728516],"List_X":[325.25,454.25,244.25,318.25,379.25,470.25,508.25,452.25,495.25,505.25]},"2":{"Center":"0,0","curTorelant":0.0,"List_Y":[178.296875,283.296875,297.296875,194.296875,184.296875,250.296875,321.296875,366.296875,317.296875],"List_X":[468.75,554.75,406.75,510.75,459.75,401.75,499.75,423.75,391.75]},"3":{"Center":"0,0","curTorelant":0.0,"List_Y":[247.296875],"List_X":[423.75]},"4":{"Center":"0,0","curTorelant":0.0,"List_Y":[244.296875,301.296875,331.296875,279.296875,244.296875,156.296875,136.296875,239.296875],"List_X":[264.75,284.75,232.75,178.75,210.75,160.75,211.75,162.75]},"5":{"Center":"0,0","curTorelant":0.0,"List_Y":[32.296875,108.296875,120.296875,51.296875,18.296875],"List_X":[189.75,201.75,79.75,133.75,74.75]},"6":{"Center":"0,0","curTorelant":0.0,"List_Y":[154.296875,38.296875,56.296875,121.296875,123.296875,136.296875,69.296875],"List_X":[201.75,285.75,434.75,423.75,353.75,581.75,543.75]},"7":{"Center":"0,0","curTorelant":0.0,"List_Y":[355.296875,426.296875,430.296875,360.296875,381.296875,383.296875,471.296875],"List_X":[213.75,255.75,163.75,77.75,186.75,280.75,208.75]},"8":{"Center":"0,0","curTorelant":0.0,"List_Y":[140.4464282989502,105.9000015258789,104.9000015258789,106.9000015258789,109.9000015258789,111.9000015258789,114.9000015258789,113.9000015258789,111.9000015258789,107.9000015258789,108.9000015258789,111.9000015258789,112.9000015258789,113.9000015258789,115.9000015258789,118.9000015258789,122.9000015258789,125.9000015258789,125.9000015258789,121.9000015258789,116.9000015258789],"List_X":[236.28570556640625,87.0,92.0,93.0,97.0,95.0,92.0,87.0,85.0,85.0,82.0,82.0,79.0,77.0,71.0,69.0,70.0,72.0,79.0,83.0,82.0]},"9":{"Center":"0,0","curTorelant":0.0,"List_Y":[301.296875,198.296875,270.296875],"List_X":[431.75,288.75,459.75]},"20":{"Center":"0,0","curTorelant":0.0,"List_Y":[291.296875,314.296875,389.296875,345.296875],"List_X":[94.75,55.75,96.75,150.75]},"10":{"Center":"0,0","curTorelant":0.0,"List_Y":[219.296875,297.296875,391.296875,313.296875],"List_X":[341.75,308.75,378.75,347.75]},"21":{"Center":"0,0","curTorelant":0.0,"List_Y":[291.296875,314.296875,389.296875,345.296875],"List_X":[94.75,55.75,96.75,150.75]}},"classId":["Bridging defect","Overkill"],"regions":{"22":{"Center":"0,0","curTorelant":0.0,"List_Y":[101.296875,240.296875,218.296875,171.296875],"List_X":[186.75,253.75,124.75,176.75]},"44":{"Center":"0,0","curTorelant":0.0,"List_Y":[78.296875,64.296875,52.296875,50.296875,29.296875],"List_X":[287.75,431.75,473.75,504.75,429.75]},"23":{"Center":"0,0","curTorelant":0.0,"List_Y":[101.296875,240.296875,218.296875,171.296875],"List_X":[186.75,253.75,124.75,176.75]},"45":{"Center":"0,0","curTorelant":0.0,"List_Y":[78.296875,64.296875,52.296875,50.296875,29.296875],"List_X":[287.75,431.75,473.75,504.75,429.75]},"24":{"Center":"0,0","curTorelant":0.0,"List_Y":[182.296875,283.296875,133.296875,163.296875,224.296875],"List_X":[442.75,512.75,397.75,497.75,500.75]},"25":{"Center":"0,0","curTorelant":0.0,"List_Y":[182.296875,283.296875,133.296875,163.296875,224.296875],"List_X":[442.75,512.75,397.75,497.75,500.75]},"26":{"Center":"0,0","curTorelant":0.0,"List_Y":[197.296875,184.296875,149.296875,184.296875,297.296875,394.296875,373.296875],"List_X":[446.75,371.75,445.75,563.75,537.75,527.75,388.75]},"27":{"Center":"0,0","curTorelant":0.0,"List_Y":[197.296875,184.296875,149.296875,184.296875,297.296875,394.296875,373.296875],"List_X":[446.75,371.75,445.75,563.75,537.75,527.75,388.75]},"28":{"Center":"0,0","curTorelant":0.0,"List_Y":[197.296875,184.296875,149.296875,184.296875,297.296875,394.296875,373.296875],"List_X":[446.75,371.75,445.75,563.75,537.75,527.75,388.75]},"29":{"Center":"0,0","curTorelant":0.0,"List_Y":[197.296875,184.296875,149.296875,184.296875,297.296875,394.296875,373.296875],"List_X":[446.75,371.75,445.75,563.75,537.75,527.75,388.75]},"30":{"Center":"0,0","curTorelant":0.0,"List_Y":[197.296875,184.296875,149.296875,184.296875,297.296875,394.296875,373.296875],"List_X":[446.75,371.75,445.75,563.75,537.75,527.75,388.75]},"31":{"Center":"0,0","curTorelant":0.0,"List_Y":[197.296875,184.296875,149.296875,184.296875,297.296875,394.296875,373.296875],"List_X":[446.75,371.75,445.75,563.75,537.75,527.75,388.75]},"10":{"Center":"0,0","curTorelant":0.0,"List_Y":[32.296875,108.296875,120.296875,51.296875,18.296875],"List_X":[189.75,201.75,79.75,133.75,74.75]},"32":{"Center":"0,0","curTorelant":0.0,"List_Y":[197.296875,184.296875,149.296875,184.296875,297.296875,394.296875,373.296875],"List_X":[446.75,371.75,445.75,563.75,537.75,527.75,388.75]},"11":{"Center":"0,0","curTorelant":0.0,"List_Y":[32.296875,108.296875,120.296875,51.296875,18.296875],"List_X":[189.75,201.75,79.75,133.75,74.75]},"33":{"Center":"0,0","curTorelant":0.0,"List_Y":[197.296875,184.296875,149.296875,184.296875,297.296875,394.296875,373.296875],"List_X":[446.75,371.75,445.75,563.75,537.75,527.75,388.75]},"12":{"Center":"0,0","curTorelant":0.0,"List_Y":[154.296875,38.296875,56.296875,121.296875,123.296875,136.296875,69.296875],"List_X":[201.75,285.75,434.75,423.75,353.75,581.75,543.75]},"34":{"Center":"0,0","curTorelant":0.0,"List_Y":[197.296875,184.296875,149.296875,184.296875,297.296875,394.296875,373.296875],"List_X":[446.75,371.75,445.75,563.75,537.75,527.75,388.75]},"13":{"Center":"0,0","curTorelant":0.0,"List_Y":[154.296875,38.296875,56.296875,121.296875,123.296875,136.296875,69.296875],"List_X":[201.75,285.75,434.75,423.75,353.75,581.75,543.75]},"35":{"Center":"0,0","curTorelant":0.0,"List_Y":[197.296875,184.296875,149.296875,184.296875,297.296875,394.296875,373.296875],"List_X":[446.75,371.75,445.75,563.75,537.75,527.75,388.75]},