{"Status":1,"originalRegions":{"0":{"Center":"0,0","curTorelant":0.0,"List_Y":[183.3400001525879,272.3400001525879,276.3400001525879,307.3400001525879,359.3400001525879,248.3400001525879,232.3400001525879],"List_X":[261.0,303.0,217.0,212.0,334.0,360.0,266.0]}},"classId":["Bridging defect","Overkill"],"regions":{"0":{"Center":"0,0","curTorelant":0.0,"List_Y":[183.3400001525879,272.3400001525879,276.3400001525879,307.3400001525879,359.3400001525879,248.3400001525879,232.3400001525879],"List_X":[261.0,303.0,217.0,212.0,334.0,360.0,266.0]}},"filename":"145_B_BBI_DARK_Defect_1(1).bmp","listIsAutoLabel":[false,false],"pointAutoLabel":["0,0","0,0"],"width":512,"height":512}