{"Status":1,"originalRegions":{"22":{"Center":"0,0","curTorelant":0.0,"List_Y":[165.296875,257.296875,241.296875,187.296875],"List_X":[310.75,421.75,257.75,475.75]},"23":{"Center":"0,0","curTorelant":0.0,"List_Y":[165.296875,257.296875,241.296875,187.296875],"List_X":[310.75,421.75,257.75,475.75]},"24":{"Center":"0,0","curTorelant":0.0,"List_Y":[131.296875,268.296875,247.296875,158.296875],"List_X":[406.75,524.75,312.75,502.75]},"25":{"Center":"0,0","curTorelant":0.0,"List_Y":[131.296875,268.296875,247.296875,158.296875],"List_X":[406.75,524.75,312.75,502.75]},"26":{"Center":"0,0","curTorelant":0.0,"List_Y":[131.296875,268.296875,247.296875,158.296875],"List_X":[406.75,524.75,312.75,502.75]},"27":{"Center":"0,0","curTorelant":0.0,"List_Y":[131.296875,268.296875,247.296875,158.296875],"List_X":[406.75,524.75,312.75,502.75]},"28":{"Center":"0,0","curTorelant":0.0,"List_Y":[131.296875,268.296875,247.296875,158.296875],"List_X":[406.75,524.75,312.75,502.75]},"29":{"Center":"0,0","curTorelant":0.0,"List_Y":[131.296875,268.296875,247.296875,158.296875],"List_X":[406.75,524.75,312.75,502.75]},"10":{"Center":"0,0","curTorelant":0.0,"List_Y":[341.489990234375,448.489990234375,435.489990234375,385.489990234375],"List_X":[219.0,298.0,104.0,312.0]},"11":{"Center":"0,0","curTorelant":0.0,"List_Y":[341.489990234375,448.489990234375,435.489990234375,385.489990234375],"List_X":[219.0,298.0,104.0,312.0]},"12":{"Center":"0,0","curTorelant":0.0,"List_Y":[332.3399963378906,392.3399963378906,401.3399963378906,376.3399963378906,385.3399963378906],"List_X":[235.5,274.5,86.5,99.5,141.5]},"13":{"Center":"0,0","curTorelant":0.0,"List_Y":[332.3399963378906,392.3399963378906,401.3399963378906,376.3399963378906,385.3399963378906],"List_X":[235.5,274.5,86.5,99.5,141.5]},"14":{"Center":"0,0","curTorelant":0.0,"List_Y":[247.04000091552734,344.04000091552734,220.04000091552734,211.04000091552734,173.04000091552734,158.04000091552734,249.04000091552734],"List_X":[299.5,310.5,163.5,195.5,43.5,144.5,176.5]},"15":{"Center":"0,0","curTorelant":0.0,"List_Y":[247.04000091552734,344.04000091552734,220.04000091552734,211.04000091552734,173.04000091552734,158.04000091552734,249.04000091552734],"List_X":[299.5,310.5,163.5,195.5,43.5,144.5,176.5]},"16":{"Center":"0,0","curTorelant":0.0,"List_Y":[411.6499938964844,417.6499938964844,426.6499938964844,390.6499938964844,343.6499938964844,353.6499938964844,397.6499938964844,417.6499938964844],"List_X":[193.5,159.5,113.5,82.5,109.5,139.5,157.5,210.5]},"17":{"Center":"0,0","curTorelant":0.0,"List_Y":[411.6499938964844,417.6499938964844,426.6499938964844,390.6499938964844,343.6499938964844,353.6499938964844,397.6499938964844,417.6499938964844],"List_X":[193.5,159.5,113.5,82.5,109.5,139.5,157.5,210.5]},"18":{"Center":"0,0","curTorelant":0.0,"List_Y":[411.6499938964844,417.6499938964844,426.6499938964844,390.6499938964844,343.6499938964844,353.6499938964844,397.6499938964844,417.6499938964844],"List_X":[193.5,159.5,113.5,82.5,109.5,139.5,157.5,210.5]},"19":{"Center":"0,0","curTorelant":0.0,"List_Y":[165.296875,257.296875,241.296875,187.296875],"List_X":[310.75,421.75,257.75,475.75]},"0":{"Center":"0,0","curTorelant":0.0,"List_Y":[177.03999710083008,315.0399971008301,252.03999710083008,257.0399971008301,331.0399971008301],"List_X":[242.5,332.5,185.5,291.5,234.5]},"1":{"Center":"0,0","curTorelant":0.0,"List_Y":[101.65000915527344,210.65000915527344,191.65000915527344,236.65000915527344,299.65000915527344,259.65000915527344,150.65000915527344,262.65000915527344,162.65000915527344,155.65000915527344],"List_X":[349.5,425.5,208.5,361.5,349.5,525.5,382.5,243.5,300.5,521.5]},"2":{"Center":"0,0","curTorelant":0.0,"List_Y":[40.649993896484375,128.64999389648438,113.64999389648438,74.64999389648438,80.64999389648438],"List_X":[263.5,364.5,180.5,237.5,74.5]},"3":{"Center":"0,0","curTorelant":0.0,"List_Y":[186.296875,333.296875,200.296875,292.296875,445.296875,335.296875,200.296875,470.296875,378.296875],"List_X":[216.75,350.75,391.75,156.75,488.75,616.75,397.75,282.75,523.75]},"4":{"Center":"0,0","curTorelant":0.0,"List_Y":[146.296875,216.296875,196.296875,101.296875,232.296875],"List_X":[445.75,479.75,250.75,389.75,466.75]},"5":{"Center":"0,0","curTorelant":0.0,"List_Y":[146.296875,216.296875,196.296875,101.296875,232.296875],"List_X":[445.75,479.75,250.75,389.75,466.75]},"6":{"Center":"0,0","curTorelant":0.0,"List_Y":[146.296875,216.296875,196.296875,101.296875,232.296875],"List_X":[445.75,479.75,250.75,389.75,466.75]},"7":{"Center":"0,0","curTorelant":0.0,"List_Y":[32.65000009536743,95.65000009536743,45.65000009536743,117.65000009536743,78.65000009536743,51.65000009536743],"List_X":[335.5,534.5,533.5,566.5,450.5,534.5]},"8":{"Center":"0,0","curTorelant":0.0,"List_Y":[272.88999938964844,334.88999938964844,233.88999938964844,338.88999938964844,285.88999938964844,203.88999938964844],"List_X":[401.0,338.0,343.0,449.0,513.0,457.0]},"9":{"Center":"0,0","curTorelant":0.0,"List_Y":[292.8399963378906,327.8399963378906,348.8399963378906,326.8399963378906,465.8399963378906],"List_X":[219.5,251.5,31.5,200.5,256.5]},"20":{"Center":"0,0","curTorelant":0.0,"List_Y":[165.296875,257.296875,241.296875,187.296875],"List_X":[310.75,421.75,257.75,475.75]},"21":{"Center":"0,0","curTorelant":0.0,"List_Y":[165.296875,257.296875,241.296875,187.296875],"List_X":[310.75,421.75,257.75,475.75]}},"classId":["Bridging defect","Overkill"],"regions":{"44":{"Center":"0,0","curTorelant":0.0,"List_Y":[165.296875,257.296875,241.296875,187.296875],"List_X":[310.75,421.75,257.75,475.75]},"45":{"Center":"0,0","curTorelant":0.0,"List_Y":[165.296875,257.296875,241.296875,187.296875],"List_X":[310.75,421.75,257.75,475.75]},"46":{"Center":"0,0","curTorelant":0.0,"List_Y":[165.296875,257.296875,241.296875,187.296875],"List_X":[310.75,421.75,257.75,475.75]},"47":{"Center":"0,0","curTorelant":0.0,"List_Y":[165.296875,257.296875,241.296875,187.296875],"List_X":[310.75,421.75,257.75,475.75]},"48":{"Center":"0,0","curTorelant":0.0,"List_Y":[131.296875,268.296875,247.296875,158.296875],"List_X":[406.75,524.75,312.75,502.75]},"49":{"Center":"0,0","curTorelant":0.0,"List_Y":[131.296875,268.296875,247.296875,158.296875],"List_X":[406.75,524.75,312.75,502.75]},"50":{"Center":"0,0","curTorelant":0.0,"List_Y":[131.296875,268.296875,247.296875,158.296875],"List_X":[406.75,524.75,312.75,502.75]},"51":{"Center":"0,0","curTorelant":0.0,"List_Y":[131.296875,268.296875,247.296875,158.296875],"List_X":[406.75,524.75,312.75,502.75]},"52":{"Center":"0,0","curTorelant":0.0,"List_Y":[131.296875,268.296875,247.296875,158.296875],"List_X":[406.75,524.75,312.75,502.75]},"53":{"Center":"0,0","curTorelant":0.0,"List_Y":[131.296875,268.296875,247.296875,158.296875],"List_X":[406.75,524.75,312.75,502.75]},"10":{"Center":"0,0","curTorelant":0.0,"List_Y":[146.296875,216.296875,196.296875,101.296875,232.296875],"List_X":[445.75,479.75,250.75,389.75,466.75]},"54":{"Center":"0,0","curTorelant":0.0,"List_Y":[131.296875,268.296875,247.296875,158.296875],"List_X":[406.75,524.75,312.75,502.75]},"11":{"Center":"0,0","curTorelant":0.0,"List_Y":[146.296875,216.296875,196.296875,101.296875,232.296875],"List_X":[445.75,479.75,250.75,389.75,466.75]},"55":{"Center":"0,0","curTorelant":0.0,"List_Y":[131.296875,268.296875,247.296875,158.296875],"List_X":[406.75,524.75,312.75,502.75]},"12":{"Center":"0,0","curTorelant":0.0,"List_Y":[146.296875,216.296875,196.296875,101.296875,232.296875],"List_X":[445.75,479.75,250.75,389.75,466.75]},"56":{"Center":"0,0","curTorelant":0.0,"List_Y":[131.296875,268.296875,247.296875,158.296875],"List_X":[406.75,524.75,312.75,502.75]},"13":{"Center":"0,0","curTorelant":0.0,"List_Y":[146.296875,216.296875,196.296875,101.296875,232.296875],"List_X":[445.75,479.75,250.75,389.75,466.75]},"57":{"Center":"0,0","curTorelant":0.0,"List_Y":[131.296875,268.296875,247.296875,158.296875],"List_X":[406.75,524.75,312.75,502.75]},"14":{"Center":"0,0","curTorelant":0.0,