{"Status":1,"originalRegions":{"0":{"Center":"0,0","curTorelant":0.0,"List_Y":[170.296875,271.296875,282.296875,212.296875,176.296875,215.296875,231.296875,167.296875,120.296875,152.296875,209.296875,121.296875,145.296875,221.296875,147.296875,136.296875,167.296875,182.296875,91.296875,46.296875,109.296875],"List_X":[373.75,455.75,326.75,350.75,462.75,465.75,413.75,365.75,436.75,524.75,512.75,466.75,508.75,465.75,385.75,436.75,496.75,564.75,540.75,449.75,454.75]}},"classId":["Bridging defect","Overkill"],"regions":{"0":{"Center":"0,0","curTorelant":0.0,"List_Y":[170.296875,271.296875,282.296875,212.296875,176.296875,215.296875,231.296875,167.296875,120.296875,152.296875,209.296875,121.296875,145.296875,221.296875,147.296875,136.296875,167.296875,182.296875,91.296875,46.296875,109.296875],"List_X":[373.75,455.75,326.75,350.75,462.75,465.75,413.75,365.75,436.75,524.75,512.75,466.75,508.75,465.75,385.75,436.75,496.75,564.75,540.75,449.75,454.75]},"1":{"Center":"0,0","curTorelant":0.0,"List_Y":[170.296875,271.296875,282.296875,212.296875,176.296875,215.296875,231.296875,167.296875,120.296875,152.296875,209.296875,121.296875,145.296875,221.296875,147.296875,136.296875,167.296875,182.296875,91.296875,46.296875,109.296875],"List_X":[373.75,455.75,326.75,350.75,462.75,465.75,413.75,365.75,436.75,524.75,512.75,466.75,508.75,465.75,385.75,436.75,496.75,564.75,540.75,449.75,454.75]},"2":{"Center":"0,0","curTorelant":0.0,"List_Y":[170.296875,271.296875,282.296875,212.296875,176.296875,215.296875,231.296875,167.296875,120.296875,152.296875,209.296875,121.296875,145.296875,221.296875,147.296875,136.296875,167.296875,182.296875,91.296875,46.296875,109.296875],"List_X":[373.75,455.75,326.75,350.75,462.75,465.75,413.75,365.75,436.75,524.75,512.75,466.75,508.75,465.75,385.75,436.75,496.75,564.75,540.75,449.75,454.75]}},"filename":"15_B_BBI_DARK_Defect_1.bmp","listIsAutoLabel":[false,false],"pointAutoLabel":["0,0","0,0"],"width":512,"height":512}