{"Status":1,"originalRegions":{"0":{"Center":"0,0","curTorelant":0.0,"List_Y":[211.88999938964844,377.88999938964844,317.88999938964844,275.88999938964844],"List_X":[346.0,421.0,291.0,478.0]}},"classId":["Bridging defect","Overkill"],"regions":{"0":{"Center":"0,0","curTorelant":0.0,"List_Y":[211.88999938964844,377.88999938964844,317.88999938964844,275.88999938964844],"List_X":[346.0,421.0,291.0,478.0]},"1":{"Center":"0,0","curTorelant":0.0,"List_Y":[211.88999938964844,377.88999938964844,317.88999938964844,275.88999938964844],"List_X":[346.0,421.0,291.0,478.0]}},"filename":"229_B_BBI_DARK_Defect_2.bmp","listIsAutoLabel":[false,false],"pointAutoLabel":["0,0","0,0"],"width":512,"height":512}