{"Status":1,"originalRegions":{"0":{"Center":"0,0","curTorelant":0.0,"List_Y":[157.296875,266.296875,320.296875,197.296875,230.296875,328.296875],"List_X":[419.75,525.75,335.75,514.75,254.75,387.75]}},"classId":["Bridging defect","Overkill"],"regions":{"0":{"Center":"0,0","curTorelant":0.0,"List_Y":[157.296875,266.296875,320.296875,197.296875,230.296875,328.296875],"List_X":[419.75,525.75,335.75,514.75,254.75,387.75]}},"filename":"244_B_BBI_DARK_Defect_2.bmp","listIsAutoLabel":[false,false],"pointAutoLabel":["0,0","0,0"],"width":512,"height":512}