{"Status":1,"originalRegions":{"0":{"Center":"0,0","curTorelant":0.0,"List_Y":[121.296875,360.296875,173.296875,59.296875,452.296875],"List_X":[429.75,611.75,357.75,378.75,418.75]}},"classId":["Bridging defect","Overkill"],"regions":{"0":{"Center":"0,0","curTorelant":0.0,"List_Y":[121.296875,360.296875,173.296875,59.296875,452.296875],"List_X":[429.75,611.75,357.75,378.75,418.75]}},"filename":"265_B_BBI_DARK_Defect_1.bmp","listIsAutoLabel":[false,false],"pointAutoLabel":["0,0","0,0"],"width":512,"height":512}