{"Status":1,"originalRegions":{"0":{"Center":"0,0","curTorelant":0.0,"List_Y":[155.40999603271484,289.40999603271484,210.40999603271484,275.40999603271484,359.40999603271484,280.40999603271484],"List_X":[444.0,495.0,347.0,427.0,459.0,535.0]}},"classId":["Bridging defect","Overkill"],"regions":{"0":{"Center":"0,0","curTorelant":0.0,"List_Y":[155.40999603271484,289.40999603271484,210.40999603271484,275.40999603271484,359.40999603271484,280.40999603271484],"List_X":[444.0,495.0,347.0,427.0,459.0,535.0]}},"filename":"27_B_BBI_DARK_Defect_1.bmp","listIsAutoLabel":[false,false],"pointAutoLabel":["0,0","0,0"],"width":512,"height":512}