{"Status":1,"originalRegions":{"0":{"Center":"0,0","curTorelant":0.0,"List_Y":[186.296875,270.296875,373.296875,130.296875,163.296875,357.296875],"List_X":[411.75,518.75,323.75,438.75,184.75,360.75]}},"classId":["Bridging defect","Overkill"],"regions":{"0":{"Center":"0,0","curTorelant":0.0,"List_Y":[186.296875,270.296875,373.296875,130.296875,163.296875,357.296875],"List_X":[411.75,518.75,323.75,438.75,184.75,360.75]},"1":{"Center":"0,0","curTorelant":0.0,"List_Y":[186.296875,270.296875,373.296875,130.296875,163.296875,357.296875],"List_X":[411.75,518.75,323.75,438.75,184.75,360.75]}},"filename":"285_B_BBI_DARK_Defect_1.bmp","listIsAutoLabel":[false,false],"pointAutoLabel":["0,0","0,0"],"width":512,"height":512}