{"Status":1,"originalRegions":{"0":{"Center":"0,0","curTorelant":0.0,"List_Y":[149.296875,248.296875,202.296875,119.296875,312.296875,352.296875],"List_X":[348.75,443.75,333.75,478.75,180.75,295.75]}},"classId":["Bridging defect","Overkill"],"regions":{"0":{"Center":"0,0","curTorelant":0.0,"List_Y":[149.296875,248.296875,202.296875,119.296875,312.296875,352.296875],"List_X":[348.75,443.75,333.75,478.75,180.75,295.75]}},"filename":"313_B_BBI_DARK_Defect_2.bmp","listIsAutoLabel":[false,false],"pointAutoLabel":["0,0","0,0"],"width":512,"height":512}