{"Status":1,"originalRegions":{"11":{"Center":"0,0","curTorelant":0.0,"List_Y":[294.3399963378906,199.04000091552734,287.04000091552734,128.04000091552734,160.04000091552734,243.04000091552734,180.04000091552734,264.04000091552734,264.04000091552734,250.04000091552734],"List_X":[371.0,171.0,168.0,137.0,234.0,98.0,206.0,204.0,90.0,291.0]},"22":{"Center":"0,0","curTorelant":0.0,"List_Y":[222.296875,340.296875,183.296875,200.296875,345.296875,377.296875,277.296875,146.296875,95.296875,220.296875],"List_X":[482.75,399.75,472.75,359.75,457.75,297.75,477.75,515.75,353.75,547.75]},"12":{"Center":"0,0","curTorelant":0.0,"List_Y":[294.3399963378906,199.04000091552734,287.04000091552734,128.04000091552734,160.04000091552734,243.04000091552734,180.04000091552734,264.04000091552734,264.04000091552734,250.04000091552734],"List_X":[371.0,171.0,168.0,137.0,234.0,98.0,206.0,204.0,90.0,291.0]},"23":{"Center":"0,0","curTorelant":0.0,"List_Y":[304.88999938964844,362.88999938964844,237.88999938964844,310.88999938964844,418.88999938964844,378.88999938964844,407.88999938964844],"List_X":[193.0,88.0,50.0,188.0,195.0,105.0,297.0]},"13":{"Center":"0,0","curTorelant":0.0,"List_Y":[210.88999938964844,327.88999938964844,298.88999938964844,186.88999938964844,373.88999938964844,257.88999938964844],"List_X":[417.0,485.0,266.0,328.0,319.0,547.0]},"14":{"Center":"0,0","curTorelant":0.0,"List_Y":[216.88999938964844,205.59000396728516,132.59000396728516,197.59000396728516],"List_X":[167.0,72.0,112.0,126.0]},"15":{"Center":"0,0","curTorelant":0.0,"List_Y":[194.296875,138.296875,253.296875,258.296875,300.296875,276.296875],"List_X":[516.75,435.75,410.75,282.75,428.75,543.75]},"16":{"Center":"0,0","curTorelant":0.0,"List_Y":[230.296875],"List_X":[470.75]},"17":{"Center":"0,0","curTorelant":0.0,"List_Y":[230.296875],"List_X":[470.75]},"18":{"Center":"0,0","curTorelant":0.0,"List_Y":[230.296875],"List_X":[470.75]},"19":{"Center":"0,0","curTorelant":0.0,"List_Y":[230.296875],"List_X":[470.75]},"0":{"Center":"0,0","curTorelant":0.0,"List_Y":[188.23999786376953,376.23999786376953,306.23999786376953,257.23999786376953,352.23999786376953,283.23999786376953],"List_X":[412.0,520.0,368.0,193.0,374.0,453.0]},"1":{"Center":"0,0","curTorelant":0.0,"List_Y":[188.23999786376953,376.23999786376953,306.23999786376953,257.23999786376953,352.23999786376953,283.23999786376953],"List_X":[412.0,520.0,368.0,193.0,374.0,453.0]},"2":{"Center":"0,0","curTorelant":0.0,"List_Y":[106.33999919891357,165.33999919891357,130.33999919891357,89.33999919891357,77.33999919891357,175.33999919891357],"List_X":[381.0,467.0,229.0,216.0,452.0,218.0]},"3":{"Center":"0,0","curTorelant":0.0,"List_Y":[299.8399963378906,365.8399963378906,428.8399963378906,410.8399963378906,277.8399963378906,361.8399963378906,433.8399963378906],"List_X":[153.0,160.0,297.0,128.0,108.0,239.0,166.0]},"4":{"Center":"0,0","curTorelant":0.0,"List_Y":[299.8399963378906,365.8399963378906,428.8399963378906,410.8399963378906,277.8399963378906,361.8399963378906,433.8399963378906],"List_X":[153.0,160.0,297.0,128.0,108.0,239.0,166.0]},"5":{"Center":"0,0","curTorelant":0.0,"List_Y":[299.8399963378906,365.8399963378906,428.8399963378906,410.8399963378906,277.8399963378906,361.8399963378906,433.8399963378906],"List_X":[153.0,160.0,297.0,128.0,108.0,239.0,166.0]},"6":{"Center":"0,0","curTorelant":0.0,"List_Y":[141.296875,233.296875,320.296875,191.296875,376.296875,291.296875],"List_X":[318.75,410.75,177.75,303.75,329.75,554.75]},"7":{"Center":"0,0","curTorelant":0.0,"List_Y":[141.296875,233.296875,320.296875,191.296875,376.296875,291.296875],"List_X":[318.75,410.75,177.75,303.75,329.75,554.75]},"8":{"Center":"0,0","curTorelant":0.0,"List_Y":[141.296875,233.296875,320.296875,191.296875,376.296875,291.296875],"List_X":[318.75,410.75,177.75,303.75,329.75,554.75]},"9":{"Center":"0,0","curTorelant":0.0,"List_Y":[283.296875,371.296875,349.296875,250.296875,379.296875,404.296875],"List_X":[384.75,474.75,287.75,349.75,280.75,373.75]},"20":{"Center":"0,0","curTorelant":0.0,"List_Y":[230.296875],"List_X":[470.75]},"10":{"Center":"0,0","curTorelant":0.0,"List_Y":[190.04000091552734,350.04000091552734,313.04000091552734,170.04000091552734,276.04000091552734,188.04000091552734,379.04000091552734],"List_X":[350.0,497.0,217.0,328.0,443.0,504.0,288.0]},"21":{"Center":"0,0","curTorelant":0.0,"List_Y":[230.296875],"List_X":[470.75]}},"classId":["Bridging defect","Overkill"],"regions":{"22":{"Center":"0,0","curTorelant":0.0,"List_Y":[294.3399963378906,199.04000091552734,287.04000091552734,128.04000091552734,160.04000091552734,243.04000091552734,180.04000091552734,264.04000091552734,264.04000091552734,250.04000091552734],"List_X":[371.0,171.0,168.0,137.0,234.0,98.0,206.0,204.0,90.0,291.0]},"44":{"Center":"0,0","curTorelant":0.0,"List_Y":[222.296875,340.296875,183.296875,200.296875,345.296875,377.296875,277.296875,146.296875,95.296875,220.296875],"List_X":[482.75,399.75,472.75,359.75,457.75,297.75,477.75,515.75,353.75,547.75]},"23":{"Center":"0,0","curTorelant":0.0,"List_Y":[294.3399963378906,199.04000091552734,287.04000091552734,128.04000091552734,160.04000091552734,243.04000091552734,180.04000091552734,264.04000091552734,264.04000091552734,250.04000091552734],"List_X":[371.0,171.0,168.0,137.0,234.0,98.0,206.0,204.0,90.0,291.0]},"45":{"Center":"0,0","curTorelant":0.0,"List_Y":[222.296875,340.296875,183.296875,200.296875,345.296875,377.296875,277.296875,146.296875,95.296875,220.296875],"List_X":[482.75,399.75,472.75,359.75,457.75,297.75,477.75,515.75,353.75,547.75]},"24":{"Center":"0,0","curTorelant":0.0,"List_Y":[294.3399963378906,199.04000091552734,287.04000091552734,128.04000091552734,160.04000091552734,243.04000091552734,180.04000091552734,264.04000091552734,264.04000091552734,250.04000091552734],"List_X":[371.0,171.0,168.0,137.0,234.0,98.0,206.0,204.0,90.0,291.0]},"46":{"Center":"0,0","curTorelant":0.0,"List_Y":[304.88999938964844,362.88999938964844,237.88999938964844,310.88999938964844,418.88999938964844,378.88999938964844,407.88999938964844],"List_X":[193.0,88.0,50.0,188.0,195.0,105.0,297.0]},"25":{"Center":"0,0","curTorelant":0.0,"List_Y":[294.3399963378906,199.04000091552734,287.04000091552734,128.04000091552734,160.04000091552734,243.04000091552734,180.04000091552734,264.04000091552734,264.04000091552734,250.04000091552734],"List_X":[371.0,171.0,168.0,137.0,234.0,98.0,206.0,204.0,90.0,291.0]},"47":{"Center":"0,0","curTorelant":0.0,"List_Y":[304.88999938964844,362.88999938964844,237.88999938964844,310.88999938964844,418.88999938964844,378.88999938964844,407.88999938964844],"List_X":[193.0,88.0,50.0,188.0,195.0,105.0,297.0]},"26":{"Center":"0,0","curTorelant":0.0,"List_Y":[210.88999938964844,327.88999938964844,298.88999938964844,186.88999938964844,373.88999938964844,257.88999938964844],"List_X":[417.0,485.0,266.0,328.0,319.0,547.0]},"27":{"Center":"0,0","curTorelant":0.0,"List_Y":[210.88999938964844,327.88999938964844,298.88999938964844,186.88999938964844,373.88999938964844,257.88999938964844],"List_X":[417.0,485.0,266.0,328.0,319.0,547.0]},"28":{"Center":"0,0","curTorelant":0.0,"List_Y":[216.88999938964844,205.59000396728516,132.59000396728516,197.59000396728516],"List_X":[167.0,72.0,112.0,126.0]},"29":{"Center":"0,0","curTorelant":0.0,"List_Y":[216.88999938964844,205.59000396728516,132.59000396728516,197.59000396728516],"List_X":[167.0,72.0,112.0,126.0]},"30":{"Center":"0,0","curTorelant":0.0,"List_Y":[194.296875,138.296875,253.296875,258.296875,300.296875,276.296875],"List_X":[516.75,435.75,410.75,282.75,428.75,543.75]},"31":{"Center":"0,0","curTorelant":0.0,"List_Y":[194.296875,138.296875,253.296875,258.296875,300.296875,276.296875],"List_X":[516.75,435.75,410.75,282.75,428.75,543.75]},"10":{"Center":"0,0","curTorelant":0.0,"List_Y":[299.8399963378906,365.8399963378906,428.8399963378906,410.8399963378906,277.8399963378906,361.8399963378906,433.8399963378906],"List_X":[153.0,160.0,297.0,128.0,108.0,239.0,166.0]},"32":{"Center":"0,0","curTorelant":0.0,"List_Y":[230.296875],