{"Status":1,"originalRegions":{"0":{"Center":"0,0","curTorelant":0.0,"List_Y":[271.44000244140625,342.44000244140625,394.44000244140625,259.44000244140625,204.44000244140625,339.44000244140625,421.44000244140625,408.44000244140625,376.44000244140625,263.44000244140625],"List_X":[355.75,417.75,216.75,270.75,369.75,467.75,342.75,399.75,513.75,493.75]}},"classId":["Bridging defect","Overkill"],"regions":{"0":{"Center":"0,0","curTorelant":0.0,"List_Y":[271.44000244140625,342.44000244140625,394.44000244140625,259.44000244140625,204.44000244140625,339.44000244140625,421.44000244140625,408.44000244140625,376.44000244140625,263.44000244140625],"List_X":[355.75,417.75,216.75,270.75,369.75,467.75,342.75,399.75,513.75,493.75]}},"filename":"43_B_BBI_DARK_Defect_1.bmp","listIsAutoLabel":[false,false],"pointAutoLabel":["0,0","0,0"],"width":512,"height":512}