{"Status":1,"originalRegions":{"0":{"Center":"0,0","curTorelant":0.0,"List_Y":[285.94000244140625,412.94000244140625,414.94000244140625,255.94000244140625],"List_X":[312.75,456.75,264.75,489.75]}},"classId":["Bridging defect","Overkill"],"regions":{"0":{"Center":"0,0","curTorelant":0.0,"List_Y":[285.94000244140625,412.94000244140625,414.94000244140625,255.94000244140625],"List_X":[312.75,456.75,264.75,489.75]}},"filename":"45_B_BBI_DARK_Defect_1.bmp","listIsAutoLabel":[false,false],"pointAutoLabel":["0,0","0,0"],"width":512,"height":512}