{"Status":1,"originalRegions":{"0":{"Center":"0,0","curTorelant":0.0,"List_Y":[163.37999725341797,216.37999725341797,299.37999725341797,226.37999725341797,132.37999725341797,240.37999725341797,308.37999725341797],"List_X":[376.0,407.0,376.0,247.0,412.0,449.0,390.0]}},"classId":["Bridging defect","Overkill"],"regions":{"0":{"Center":"0,0","curTorelant":0.0,"List_Y":[163.37999725341797,216.37999725341797,299.37999725341797,226.37999725341797,132.37999725341797,240.37999725341797,308.37999725341797],"List_X":[376.0,407.0,376.0,247.0,412.0,449.0,390.0]}},"filename":"51_B_BBI_DARK_Defect_1.bmp","listIsAutoLabel":[false,false],"pointAutoLabel":["0,0","0,0"],"width":512,"height":512}