{"Status":1,"originalRegions":{"0":{"Center":"0,0","curTorelant":0.0,"List_Y":[176.54000091552734,280.54000091552734,289.54000091552734,170.54000091552734,74.54000091552734,320.54000091552734],"List_X":[358.0,453.0,293.0,350.0,304.0,467.0]}},"classId":["Bridging defect","Overkill"],"regions":{"0":{"Center":"0,0","curTorelant":0.0,"List_Y":[176.54000091552734,280.54000091552734,289.54000091552734,170.54000091552734,74.54000091552734,320.54000091552734],"List_X":[358.0,453.0,293.0,350.0,304.0,467.0]},"1":{"Center":"0,0","curTorelant":0.0,"List_Y":[176.54000091552734,280.54000091552734,289.54000091552734,170.54000091552734,74.54000091552734,320.54000091552734],"List_X":[358.0,453.0,293.0,350.0,304.0,467.0]}},"filename":"56_B_BBI_DARK_Defect_1.bmp","listIsAutoLabel":[false,false],"pointAutoLabel":["0,0","0,0"],"width":512,"height":512}