{"Status":1,"originalRegions":{"0":{"Center":"0,0","curTorelant":0.0,"List_Y":[272.04000091552734,358.04000091552734,350.04000091552734,271.04000091552734],"List_X":[280.5,380.5,236.5,368.5]}},"classId":["Bridging defect","Overkill"],"regions":{"0":{"Center":"0,0","curTorelant":0.0,"List_Y":[272.04000091552734,358.04000091552734,350.04000091552734,271.04000091552734],"List_X":[280.5,380.5,236.5,368.5]},"1":{"Center":"0,0","curTorelant":0.0,"List_Y":[272.04000091552734,358.04000091552734,350.04000091552734,271.04000091552734],"List_X":[280.5,380.5,236.5,368.5]}},"filename":"60_B_BBI_DARK_Defect_1.bmp","listIsAutoLabel":[false,false],"pointAutoLabel":["0,0","0,0"],"width":512,"height":512}