{"Status":1,"originalRegions":{"11":{"Center":"0,0","curTorelant":0.0,"List_Y":[181.13999938964844,116.13999938964844,216.13999938964844,247.38999938964844,133.81999969482422,162.56999969482422],"List_X":[36.75,111.75,103.0,53.0,150.5,195.5]},"12":{"Center":"0,0","curTorelant":0.0,"List_Y":[162.38999938964844,117.38999938964844,177.38999938964844,212.38999938964844,198.63999938964844,139.88999938964844,188.63999938964844,96.13999938964844,346.5199999809265,411.5199999809265,380.2699999809265,379.0199999809265],"List_X":[176.75,216.75,185.5,188.0,96.75,174.25,358.0,368.0,325.5,380.5,233.0,368.0]},"0":{"Center":"0,0","curTorelant":0.0,"List_Y":[139.43999862670898,378.439998626709,246.43999862670898,171.43999862670898,247.43999862670898,245.43999862670898],"List_X":[271.5,483.5,270.5,237.5,140.5,372.5]},"1":{"Center":"0,0","curTorelant":0.0,"List_Y":[164.5900001525879,334.5900001525879,299.5900001525879,179.5900001525879,217.5900001525879,389.5900001525879],"List_X":[352.0,433.0,169.0,433.0,212.0,215.0]},"2":{"Center":"0,0","curTorelant":0.0,"List_Y":[237.08999633789062,353.0899963378906,360.0899963378906],"List_X":[116.0,119.0,39.0]},"3":{"Center":"0,0","curTorelant":0.0,"List_Y":[237.08999633789062,353.0899963378906,360.0899963378906],"List_X":[116.0,119.0,39.0]},"4":{"Center":"0,0","curTorelant":0.0,"List_Y":[282.296875,353.296875,282.296875,251.296875,354.296875,359.296875],"List_X":[393.75,370.75,226.75,441.75,529.75,401.75]},"5":{"Center":"0,0","curTorelant":0.0,"List_Y":[381.3399963378906,187.3400001525879,221.3400001525879,306.3400001525879,251.3400001525879,343.3400001525879,230.3400001525879],"List_X":[218.0,181.0,128.0,215.0,401.0,185.0,194.0]},"6":{"Center":"0,0","curTorelant":0.0,"List_Y":[187.296875,259.296875,202.296875,140.296875],"List_X":[431.75,498.75,345.75,467.75]},"7":{"Center":"0,0","curTorelant":0.0,"List_Y":[218.296875,268.296875,161.296875,155.296875],"List_X":[458.75,511.75,547.75,478.75]},"8":{"Center":"0,0","curTorelant":0.0,"List_Y":[218.296875,268.296875,161.296875,155.296875],"List_X":[458.75,511.75,547.75,478.75]},"9":{"Center":"0,0","curTorelant":0.0,"List_Y":[154.8800048828125,205.06999969482422,226.31999969482422,368.8199996948242,360.0699996948242,297.5699996948242,417.5699996948242,287.5699996948242,190.06999969482422],"List_X":[410.5,105.5,250.5,216.75,135.5,226.75,195.5,208.0,191.75]},"10":{"Center":"0,0","curTorelant":0.0,"List_Y":[139.70001220703125,112.20001220703125,59.70001220703125,112.20001220703125,139.70001220703125,177.3800048828125,116.1300048828125,104.8800048828125,64.8800048828125,84.8800048828125,63.6300048828125,56.1300048828125],"List_X":[144.25,208.0,181.75,225.5,263.0,151.75,105.5,181.75,134.25,154.25,273.0,418.0]}},"classId":["Bridging defect","Overkill"],"regions":{"22":{"Center":"0,0","curTorelant":0.0,"List_Y":[181.13999938964844,116.13999938964844,216.13999938964844,247.38999938964844,133.81999969482422,162.56999969482422],"List_X":[36.75,111.75,103.0,53.0,150.5,195.5]},"23":{"Center":"0,0","curTorelant":0.0,"List_Y":[181.13999938964844,116.13999938964844,216.13999938964844,247.38999938964844,133.81999969482422,162.56999969482422],"List_X":[36.75,111.75,103.0,53.0,150.5,195.5]},"24":{"Center":"0,0","curTorelant":0.0,"List_Y":[162.38999938964844,117.38999938964844,177.38999938964844,212.38999938964844,198.63999938964844,139.88999938964844,188.63999938964844,96.13999938964844,346.5199999809265,411.5199999809265,380.2699999809265,379.0199999809265],"List_X":[176.75,216.75,185.5,188.0,96.75,174.25,358.0,368.0,325.5,380.5,233.0,368.0]},"25":{"Center":"0,0","curTorelant":0.0,"List_Y":[162.38999938964844,117.38999938964844,177.38999938964844,212.38999938964844,198.63999938964844,139.88999938964844,188.63999938964844,96.13999938964844,346.5199999809265,411.5199999809265,380.2699999809265,379.0199999809265],"List_X":[176.75,216.75,185.5,188.0,96.75,174.25,358.0,368.0,325.5,380.5,233.0,368.0]},"10":{"Center":"0,0","curTorelant":0.0,"List_Y":[381.3399963378906,187.3400001525879,221.3400001525879,306.3400001525879,251.3400001525879,343.3400001525879,230.3400001525879],"List_X":[218.0,181.0,128.0,215.0,401.0,185.0,194.0]},"11":{"Center":"0,0","curTorelant":0.0,"List_Y":[381.3399963378906,187.3400001525879,221.3400001525879,306.3400001525879,251.3400001525879,343.3400001525879,230.3400001525879],"List_X":[218.0,181.0,128.0,215.0,401.0,185.0,194.0]},"12":{"Center":"0,0","curTorelant":0.0,"List_Y":[187.296875,259.296875,202.296875,140.296875],"List_X":[431.75,498.75,345.75,467.75]},"13":{"Center":"0,0","curTorelant":0.0,"List_Y":[187.296875,259.296875,202.296875,140.296875],"List_X":[431.75,498.75,345.75,467.75]},"14":{"Center":"0,0","curTorelant":0.0,"List_Y":[218.296875,268.296875,161.296875,155.296875],"List_X":[458.75,511.75,547.75,478.75]},"15":{"Center":"0,0","curTorelant":0.0,"List_Y":[218.296875,268.296875,161.296875,155.296875],"List_X":[458.75,511.75,547.75,478.75]},"16":{"Center":"0,0","curTorelant":0.0,"List_Y":[218.296875,268.296875,161.296875,155.296875],"List_X":[458.75,511.75,547.75,478.75]},"17":{"Center":"0,0","curTorelant":0.0,"List_Y":[218.296875,268.296875,161.296875,155.296875],"List_X":[458.75,511.75,547.75,478.75]},"18":{"Center":"0,0","curTorelant":0.0,"List_Y":[154.8800048828125,205.06999969482422,226.31999969482422,368.8199996948242,360.0699996948242,297.5699996948242,417.5699996948242,287.5699996948242,190.06999969482422],"List_X":[410.5,105.5,250.5,216.75,135.5,226.75,195.5,208.0,191.75]},"19":{"Center":"0,0","curTorelant":0.0,"List_Y":[154.8800048828125,205.06999969482422,226.31999969482422,368.8199996948242,360.0699996948242,297.5699996948242,417.5699996948242,287.5699996948242,190.06999969482422],"List_X":[410.5,105.5,250.5,216.75,135.5,226.75,195.5,208.0,191.75]},"0":{"Center":"0,0","curTorelant":0.0,"List_Y":[139.43999862670898,378.439998626709,246.43999862670898,171.43999862670898,247.43999862670898,245.43999862670898],"List_X":[271.5,483.5,270.5,237.5,140.5,372.5]},"1":{"Center":"0,0","curTorelant":0.0,"List_Y":[139.43999862670898,378.439998626709,246.43999862670898,171.43999862670898,247.43999862670898,245.43999862670898],"List_X":[271.5,483.5,270.5,237.5,140.5,372.5]},"2":{"Center":"0,0","curTorelant":0.0,"List_Y":[164.5900001525879,334.5900001525879,299.5900001525879,179.5900001525879,217.5900001525879,389.5900001525879],"List_X":[352.0,433.0,169.0,433.0,212.0,215.0]},"3":{"Center":"0,0","curTorelant":0.0,"List_Y":[164.5900001525879,334.5900001525879,299.5900001525879,179.5900001525879,217.5900001525879,389.5900001525879],"List_X":[352.0,433.0,169.0,433.0,212.0,215.0]},"4":{"Center":"0,0","curTorelant":0.0,"List_Y":[237.08999633789062,353.0899963378906,360.0899963378906],"List_X":[116.0,119.0,39.0]},"5":{"Center":"0,0","curTorelant":0.0,"List_Y":[237.08999633789062,353.0899963378906,360.0899963378906],"List_X":[116.0,119.0,39.0]},"6":{"Center":"0,0","curTorelant":0.0,"List_Y":[237.08999633789062,353.0899963378906,360.0899963378906],"List_X":[116.0,119.0,39.0]},"7":{"Center":"0,0","curTorelant":0.0,"List_Y":[237.08999633789062,353.0899963378906,360.0899963378906],"List_X":[116.0,119.0,39.0]},"8":{"Center":"0,0","curTorelant":0.0,"List_Y":[282.296875,353.296875,282.296875,251.296875,354.296875,359.296875],"List_X":[393.75,370.75,226.75,441.75,529.75,401.75]},"9":{"Center":"0,0","curTorelant":0.0,"List_Y":[282.296875,353.296875,282.296875,251.296875,354.296875,359.296875],"List_X":[393.75,370.75,226.75,441.75,529.75,401.75]},"20":{"Center":"0,0","curTorelant":0.0,"List_Y":[139.70001220703125,112.20001220703125,59.70001220703125,112.20001220703125,139.70001220703125,177.3800048828125,116.1300048828125,104.8800048828125,64.8800048828125,84.8800048828125,63.6300048828125,56.1300048828125],"List_X":[144.25,208.0,181.75,225.5,263.0,151.75,105.5,181.75,134.25,154.25,273.0,418.0]},"21":{"Center":"0,0","curTorelant":0.0,