{"Status":1,"originalRegions":{"22":{"Center":"0,0","curTorelant":0.0,"List_Y":[176.296875,233.296875,179.296875,423.296875],"List_X":[536.75,444.75,92.75,307.75]},"23":{"Center":"0,0","curTorelant":0.0,"List_Y":[176.296875,233.296875,179.296875,423.296875],"List_X":[536.75,444.75,92.75,307.75]},"24":{"Center":"0,0","curTorelant":0.0,"List_Y":[176.296875,233.296875,179.296875,423.296875],"List_X":[536.75,444.75,92.75,307.75]},"25":{"Center":"0,0","curTorelant":0.0,"List_Y":[176.296875,233.296875,179.296875,423.296875],"List_X":[536.75,444.75,92.75,307.75]},"26":{"Center":"0,0","curTorelant":0.0,"List_Y":[176.296875,233.296875,179.296875,423.296875],"List_X":[536.75,444.75,92.75,307.75]},"27":{"Center":"0,0","curTorelant":0.0,"List_Y":[176.296875,233.296875,179.296875,423.296875],"List_X":[536.75,444.75,92.75,307.75]},"28":{"Center":"0,0","curTorelant":0.0,"List_Y":[176.296875,233.296875,179.296875,423.296875],"List_X":[536.75,444.75,92.75,307.75]},"29":{"Center":"0,0","curTorelant":0.0,"List_Y":[176.296875,233.296875,179.296875,423.296875],"List_X":[536.75,444.75,92.75,307.75]},"30":{"Center":"0,0","curTorelant":0.0,"List_Y":[176.296875,233.296875,179.296875,423.296875],"List_X":[536.75,444.75,92.75,307.75]},"31":{"Center":"0,0","curTorelant":0.0,"List_Y":[176.296875,233.296875,179.296875,423.296875],"List_X":[536.75,444.75,92.75,307.75]},"10":{"Center":"0,0","curTorelant":0.0,"List_Y":[176.296875,233.296875,179.296875,423.296875],"List_X":[536.75,444.75,92.75,307.75]},"32":{"Center":"0,0","curTorelant":0.0,"List_Y":[176.296875,233.296875,179.296875,423.296875],"List_X":[536.75,444.75,92.75,307.75]},"11":{"Center":"0,0","curTorelant":0.0,"List_Y":[176.296875,233.296875,179.296875,423.296875],"List_X":[536.75,444.75,92.75,307.75]},"33":{"Center":"0,0","curTorelant":0.0,"List_Y":[176.296875,233.296875,179.296875,423.296875],"List_X":[536.75,444.75,92.75,307.75]},"12":{"Center":"0,0","curTorelant":0.0,"List_Y":[176.296875,233.296875,179.296875,423.296875],"List_X":[536.75,444.75,92.75,307.75]},"34":{"Center":"0,0","curTorelant":0.0,"List_Y":[176.296875,233.296875,179.296875,423.296875],"List_X":[536.75,444.75,92.75,307.75]},"13":{"Center":"0,0","curTorelant":0.0,"List_Y":[176.296875,233.296875,179.296875,423.296875],"List_X":[536.75,444.75,92.75,307.75]},"35":{"Center":"0,0","curTorelant":0.0,"List_Y":[176.296875,233.296875,179.296875,423.296875],"List_X":[536.75,444.75,92.75,307.75]},"14":{"Center":"0,0","curTorelant":0.0,"List_Y":[176.296875,233.296875,179.296875,423.296875],"List_X":[536.75,444.75,92.75,307.75]},"15":{"Center":"0,0","curTorelant":0.0,"List_Y":[176.296875,233.296875,179.296875,423.296875],"List_X":[536.75,444.75,92.75,307.75]},"16":{"Center":"0,0","curTorelant":0.0,"List_Y":[176.296875,233.296875,179.296875,423.296875],"List_X":[536.75,444.75,92.75,307.75]},"17":{"Center":"0,0","curTorelant":0.0,"List_Y":[176.296875,233.296875,179.296875,423.296875],"List_X":[536.75,444.75,92.75,307.75]},"18":{"Center":"0,0","curTorelant":0.0,"List_Y":[176.296875,233.296875,179.296875,423.296875],"List_X":[536.75,444.75,92.75,307.75]},"19":{"Center":"0,0","curTorelant":0.0,"List_Y":[176.296875,233.296875,179.296875,423.296875],"List_X":[536.75,444.75,92.75,307.75]},"0":{"Center":"0,0","curTorelant":0.0,"List_Y":[117.84001159667969,135.8400115966797,54.84001159667969,78.84001159667969],"List_X":[409.0,271.0,326.0,382.0]},"1":{"Center":"0,0","curTorelant":0.0,"List_Y":[176.296875,233.296875,179.296875,423.296875],"List_X":[536.75,444.75,92.75,307.75]},"2":{"Center":"0,0","curTorelant":0.0,"List_Y":[176.296875,233.296875,179.296875,423.296875],"List_X":[536.75,444.75,92.75,307.75]},"3":{"Center":"0,0","curTorelant":0.0,"List_Y":[176.296875,233.296875,179.296875,423.296875],"List_X":[536.75,444.75,92.75,307.75]},"4":{"Center":"0,0","curTorelant":0.0,"List_Y":[176.296875,233.296875,179.296875,423.296875],"List_X":[536.75,444.75,92.75,307.75]},"5":{"Center":"0,0","curTorelant":0.0,"List_Y":[176.296875,233.296875,179.296875,423.296875],"List_X":[536.75,444.75,92.75,307.75]},"6":{"Center":"0,0","curTorelant":0.0,"List_Y":[176.296875,233.296875,179.296875,423.296875],"List_X":[536.75,444.75,92.75,307.75]},"7":{"Center":"0,0","curTorelant":0.0,"List_Y":[176.296875,233.296875,179.296875,423.296875],"List_X":[536.75,444.75,92.75,307.75]},"8":{"Center":"0,0","curTorelant":0.0,"List_Y":[176.296875,233.296875,179.296875,423.296875],"List_X":[536.75,444.75,92.75,307.75]},"9":{"Center":"0,0","curTorelant":0.0,"List_Y":[176.296875,233.296875,179.296875,423.296875],"List_X":[536.75,444.75,92.75,307.75]},"20":{"Center":"0,0","curTorelant":0.0,"List_Y":[176.296875,233.296875,179.296875,423.296875],"List_X":[536.75,444.75,92.75,307.75]},"21":{"Center":"0,0","curTorelant":0.0,"List_Y":[176.296875,233.296875,179.296875,423.296875],"List_X":[536.75,444.75,92.75,307.75]}},"classId":["Bridging defect","Overkill"],"regions":{"44":{"Center":"0,0","curTorelant":0.0,"List_Y":[176.296875,233.296875,179.296875,423.296875],"List_X":[536.75,444.75,92.75,307.75]},"45":{"Center":"0,0","curTorelant":0.0,"List_Y":[176.296875,233.296875,179.296875,423.296875],"List_X":[536.75,444.75,92.75,307.75]},"46":{"Center":"0,0","curTorelant":0.0,"List_Y":[176.296875,233.296875,179.296875,423.296875],"List_X":[536.75,444.75,92.75,307.75]},"47":{"Center":"0,0","curTorelant":0.0,"List_Y":[176.296875,233.296875,179.296875,423.296875],"List_X":[536.75,444.75,92.75,307.75]},"48":{"Center":"0,0","curTorelant":0.0,"List_Y":[176.296875,233.296875,179.296875,423.296875],"List_X":[536.75,444.75,92.75,307.75]},"49":{"Center":"0,0","curTorelant":0.0,"List_Y":[176.296875,233.296875,179.296875,423.296875],"List_X":[536.75,444.75,92.75,307.75]},"50":{"Center":"0,0","curTorelant":0.0,"List_Y":[176.296875,233.296875,179.296875,423.296875],"List_X":[536.75,444.75,92.75,307.75]},"51":{"Center":"0,0","curTorelant":0.0,"List_Y":[176.296875,233.296875,179.296875,423.296875],"List_X":[536.75,444.75,92.75,307.75]},"52":{"Center":"0,0","curTorelant":0.0,"List_Y":[176.296875,233.296875,179.296875,423.296875],"List_X":[536.75,444.75,92.75,307.75]},"53":{"Center":"0,0","curTorelant":0.0,"List_Y":[176.296875,233.296875,179.296875,423.296875],"List_X":[536.75,444.75,92.75,307.75]},"10":{"Center":"0,0","curTorelant":0.0,"List_Y":[176.296875,233.296875,179.296875,423.296875],"List_X":[536.75,444.75,92.75,307.75]},"54":{"Center":"0,0","curTorelant":0.0,"List_Y":[176.296875,233.296875,179.296875,423.296875],"List_X":[536.75,444.75,92.75,307.75]},"11":{"Center":"0,0","curTorelant":0.0,"List_Y":[176.296875,233.296875,179.296875,423.296875],"List_X":[536.75,444.75,92.75,307.75]},"55":{"Center":"0,0","curTorelant":0.0,"List_Y":[176.296875,233.296875,179.296875,423.296875],"List_X":[536.75,444.75,92.75,307.75]},"12":{"Center":"0,0","curTorelant":0.0,"List_Y":[176.296875,233.296875,179.296875,423.296875],"List_X":[536.75,444.75,92.75,307.75]},"56":{"Center":"0,0","curTorelant":0.0,"List_Y":[176.296875,233.296875,179.296875,423.296875],"List_X":[536.75,444.75,92.75,307.75]},"13":{"Center":"0,0","curTorelant":0.0,"List_Y":[176.296875,233.296875,179.296875,423.296875],"List_X":[536.75,444.75,92.75,307.75]},"57":{"Center":"0,0","curTorelant":0.0,"List_Y":[176.296875,233.296875,179.296875,423.296875],"List_X":[536.75,444.75,92.75,307.75]},"14":{"Center":"0,0","curTorelant":0.0,"List_Y":[176.296875,233.296875,179.296875,423.296875],"List_X":[536.75,444.75,92.75,307.75]},"58":{"Center":"0,0","curTorelant":0.0,"List_Y":[176.296875,233.296875,179.296875,423.296875],"List_X":[536.75,444.75,92.75,307.75]},"15":{"Center":"0,0","curTorelant":0.0,"List_Y":[176.296875,233.296875,179.296875,423.296875],"List_X":[536.75,444.75,92.75,307.75]},"59":{"Center":"0,0","curTorelant":0.0,"List_Y":[176.296875,233.296875,179.296875,423.296875],"List_X":[536.75,444.75,92.75,307.75]},"16":{"Center":"0,0","curTorelant":0.0,"List_Y":[176.296875,233.296875,179.296875,423.296875],"List_X":[536.75,444.75,92.75,307.75]},"17":{"Center":"0,0","curTorelant":0.0,