{"Status":1,"originalRegions":{"0":{"Center":"0,0","curTorelant":0.0,"List_Y":[144.3400001525879,205.3400001525879,288.3400001525879,108.34000015258789,159.3400001525879,289.3400001525879,168.3400001525879,203.3400001525879],"List_X":[441.0,465.0,392.0,316.0,367.0,522.0,518.0,405.0]}},"classId":["Bridging defect","Overkill"],"regions":{"0":{"Center":"0,0","curTorelant":0.0,"List_Y":[144.3400001525879,205.3400001525879,288.3400001525879,108.34000015258789,159.3400001525879,289.3400001525879,168.3400001525879,203.3400001525879],"List_X":[441.0,465.0,392.0,316.0,367.0,522.0,518.0,405.0]}},"filename":"70_B_BBI_DARK_Defect_1.bmp","listIsAutoLabel":[false,false],"pointAutoLabel":["0,0","0,0"],"width":512,"height":512}