{"Status":1,"originalRegions":{"0":{"Center":"0,0","curTorelant":0.0,"List_Y":[326.8399963378906,339.8399963378906,336.8399963378906,440.8399963378906,306.8399963378906,308.8399963378906,423.8399963378906],"List_X":[315.75,202.75,361.75,374.75,472.75,389.75,238.75]}},"classId":["Bridging defect","Overkill"],"regions":{"0":{"Center":"0,0","curTorelant":0.0,"List_Y":[326.8399963378906,339.8399963378906,336.8399963378906,440.8399963378906,306.8399963378906,308.8399963378906,423.8399963378906],"List_X":[315.75,202.75,361.75,374.75,472.75,389.75,238.75]}},"filename":"7_B_BBI_DARK_Defect_2.bmp","listIsAutoLabel":[false,false],"pointAutoLabel":["0,0","0,0"],"width":512,"height":512}