{"Status":1,"originalRegions":{"0":{"Center":"0,0","curTorelant":0.0,"List_Y":[326.19000244140625,419.19000244140625,384.19000244140625,307.19000244140625,318.19000244140625,383.19000244140625,432.19000244140625],"List_X":[357.0,460.0,289.0,371.0,430.0,398.0,390.0]},"1":{"Center":"0,0","curTorelant":0.0,"List_Y":[91.83999633789062,102.83999633789062,177.83999633789062,146.83999633789062,109.83999633789062,67.83999633789062,107.83999633789062,148.83999633789062],"List_X":[328.0,381.0,363.0,303.0,232.0,255.0,192.0,241.0]}},"classId":["Bridging defect","Overkill"],"regions":{"0":{"Center":"0,0","curTorelant":0.0,"List_Y":[326.19000244140625,419.19000244140625,384.19000244140625,307.19000244140625,318.19000244140625,383.19000244140625,432.19000244140625],"List_X":[357.0,460.0,289.0,371.0,430.0,398.0,390.0]},"1":{"Center":"0,0","curTorelant":0.0,"List_Y":[326.19000244140625,419.19000244140625,384.19000244140625,307.19000244140625,318.19000244140625,383.19000244140625,432.19000244140625],"List_X":[357.0,460.0,289.0,371.0,430.0,398.0,390.0]},"2":{"Center":"0,0","curTorelant":0.0,"List_Y":[91.83999633789062,102.83999633789062,177.83999633789062,146.83999633789062,109.83999633789062,67.83999633789062,107.83999633789062,148.83999633789062],"List_X":[328.0,381.0,363.0,303.0,232.0,255.0,192.0,241.0]},"3":{"Center":"0,0","curTorelant":0.0,"List_Y":[91.83999633789062,102.83999633789062,177.83999633789062,146.83999633789062,109.83999633789062,67.83999633789062,107.83999633789062,148.83999633789062],"List_X":[328.0,381.0,363.0,303.0,232.0,255.0,192.0,241.0]}},"filename":"85_B_BBI_DARK_Defect_1.bmp","listIsAutoLabel":[false,false],"pointAutoLabel":["0,0","0,0"],"width":512,"height":512}