{"Status":1,"originalRegions":{"11":{"Center":"0,0","curTorelant":0.0,"List_Y":[267.30357360839844,349.30357360839844,352.30357360839844,348.30357360839844,344.30357360839844,327.30357360839844,298.30357360839844,280.30357360839844,277.30357360839844],"List_X":[297.28570556640625,220.28570556640625,226.28570556640625,234.28570556640625,251.28570556640625,273.28570556640625,289.28570556640625,292.28570556640625,293.28570556640625]},"12":{"Center":"0,0","curTorelant":0.0,"List_Y":[267.30357360839844,349.30357360839844,352.30357360839844,348.30357360839844,344.30357360839844,327.30357360839844,298.30357360839844,280.30357360839844,277.30357360839844],"List_X":[297.28570556640625,220.28570556640625,226.28570556640625,234.28570556640625,251.28570556640625,273.28570556640625,289.28570556640625,292.28570556640625,293.28570556640625]},"13":{"Center":"0,0","curTorelant":0.0,"List_Y":[267.30357360839844,349.30357360839844,352.30357360839844,348.30357360839844,344.30357360839844,327.30357360839844,298.30357360839844,280.30357360839844,277.30357360839844],"List_X":[297.28570556640625,220.28570556640625,226.28570556640625,234.28570556640625,251.28570556640625,273.28570556640625,289.28570556640625,292.28570556640625,293.28570556640625]},"14":{"Center":"0,0","curTorelant":0.0,"List_Y":[267.30357360839844,349.30357360839844,352.30357360839844,348.30357360839844,344.30357360839844,327.30357360839844,298.30357360839844,280.30357360839844,277.30357360839844],"List_X":[297.28570556640625,220.28570556640625,226.28570556640625,234.28570556640625,251.28570556640625,273.28570556640625,289.28570556640625,292.28570556640625,293.28570556640625]},"15":{"Center":"0,0","curTorelant":0.0,"List_Y":[267.30357360839844,349.30357360839844,352.30357360839844,348.30357360839844,344.30357360839844,327.30357360839844,298.30357360839844,280.30357360839844,277.30357360839844],"List_X":[297.28570556640625,220.28570556640625,226.28570556640625,234.28570556640625,251.28570556640625,273.28570556640625,289.28570556640625,292.28570556640625,293.28570556640625]},"16":{"Center":"0,0","curTorelant":0.0,"List_Y":[95.296875,122.296875,159.296875,149.296875,117.296875,92.296875,87.296875,187.296875],"List_X":[442.75,469.75,471.75,361.75,247.75,338.75,166.75,199.75]},"17":{"Center":"0,0","curTorelant":0.0,"List_Y":[85.296875,187.296875,190.296875],"List_X":[525.75,517.75,593.75]},"0":{"Center":"0,0","curTorelant":0.0,"List_Y":[239.08999633789062,357.0899963378906,307.0899963378906,281.0899963378906],"List_X":[274.0,379.0,127.0,300.0]},"1":{"Center":"0,0","curTorelant":0.0,"List_Y":[308.296875,413.296875,417.296875,305.296875,273.296875,391.296875,355.296875],"List_X":[335.75,453.75,336.75,300.75,394.75,399.75,553.75]},"2":{"Center":"0,0","curTorelant":0.0,"List_Y":[170.296875,268.296875,260.296875,234.296875,201.296875],"List_X":[277.75,349.75,163.75,260.75,355.75]},"3":{"Center":"0,0","curTorelant":0.0,"List_Y":[170.296875,268.296875,260.296875,234.296875,201.296875],"List_X":[277.75,349.75,163.75,260.75,355.75]},"4":{"Center":"0,0","curTorelant":0.0,"List_Y":[291.0178680419922,293.0178680419922,298.0178680419922,301.0178680419922,294.0178680419922,293.0178680419922],"List_X":[266.28570556640625,272.28570556640625,272.28570556640625,262.28570556640625,260.28570556640625,264.28570556640625]},"5":{"Center":"0,0","curTorelant":0.0,"List_Y":[267.30357360839844,349.30357360839844,352.30357360839844,348.30357360839844,344.30357360839844,327.30357360839844,298.30357360839844,280.30357360839844,277.30357360839844],"List_X":[297.28570556640625,220.28570556640625,226.28570556640625,234.28570556640625,251.28570556640625,273.28570556640625,289.28570556640625,292.28570556640625,293.28570556640625]},"6":{"Center":"0,0","curTorelant":0.0,"List_Y":[267.30357360839844,349.30357360839844,352.30357360839844,348.30357360839844,344.30357360839844,327.30357360839844,298.30357360839844,280.30357360839844,277.30357360839844],"List_X":[297.28570556640625,220.28570556640625,226.28570556640625,234.28570556640625,251.28570556640625,273.28570556640625,289.28570556640625,292.28570556640625,293.28570556640625]},"7":{"Center":"0,0","curTorelant":0.0,"List_Y":[267.30357360839844,349.30357360839844,352.30357360839844,348.30357360839844,344.30357360839844,327.30357360839844,298.30357360839844,280.30357360839844,277.30357360839844],"List_X":[297.28570556640625,220.28570556640625,226.28570556640625,234.28570556640625,251.28570556640625,273.28570556640625,289.28570556640625,292.28570556640625,293.28570556640625]},"8":{"Center":"0,0","curTorelant":0.0,"List_Y":[267.30357360839844,349.30357360839844,352.30357360839844,348.30357360839844,344.30357360839844,327.30357360839844,298.30357360839844,280.30357360839844,277.30357360839844],"List_X":[297.28570556640625,220.28570556640625,226.28570556640625,234.28570556640625,251.28570556640625,273.28570556640625,289.28570556640625,292.28570556640625,293.28570556640625]},"9":{"Center":"0,0","curTorelant":0.0,"List_Y":[267.30357360839844,349.30357360839844,352.30357360839844,348.30357360839844,344.30357360839844,327.30357360839844,298.30357360839844,280.30357360839844,277.30357360839844],"List_X":[297.28570556640625,220.28570556640625,226.28570556640625,234.28570556640625,251.28570556640625,273.28570556640625,289.28570556640625,292.28570556640625,293.28570556640625]},"10":{"Center":"0,0","curTorelant":0.0,"List_Y":[267.30357360839844,349.30357360839844,352.30357360839844,348.30357360839844,344.30357360839844,327.30357360839844,298.30357360839844,280.30357360839844,277.30357360839844],"List_X":[297.28570556640625,220.28570556640625,226.28570556640625,234.28570556640625,251.28570556640625,273.28570556640625,289.28570556640625,292.28570556640625,293.28570556640625]}},"classId":["Bridging defect","Overkill"],"regions":{"22":{"Center":"0,0","curTorelant":0.0,"List_Y":[267.30357360839844,349.30357360839844,352.30357360839844,348.30357360839844,344.30357360839844,327.30357360839844,298.30357360839844,280.30357360839844,277.30357360839844],"List_X":[297.28570556640625,220.28570556640625,226.28570556640625,234.28570556640625,251.28570556640625,273.28570556640625,289.28570556640625,292.28570556640625,293.28570556640625]},"23":{"Center":"0,0","curTorelant":0.0,"List_Y":[267.30357360839844,349.30357360839844,352.30357360839844,348.30357360839844,344.30357360839844,327.30357360839844,298.30357360839844,280.30357360839844,277.30357360839844],"List_X":[297.28570556640625,220.28570556640625,226.28570556640625,234.28570556640625,251.28570556640625,273.28570556640625,289.28570556640625,292.28570556640625,293.28570556640625]},"24":{"Center":"0,0","curTorelant":0.0,"List_Y":[267.30357360839844,349.30357360839844,352.30357360839844,348.30357360839844,344.30357360839844,327.30357360839844,298.30357360839844,280.30357360839844,277.30357360839844],"List_X":[297.28570556640625,220.28570556640625,226.28570556640625,234.28570556640625,251.28570556640625,273.28570556640625,289.28570556640625,292.28570556640625,293.28570556640625]},"25":{"Center":"0,0","curTorelant":0.0,"List_Y":[267.30357360839844,349.30357360839844,352.30357360839844,348.30357360839844,344.30357360839844,327.30357360839844,298.30357360839844,280.30357360839844,277.30357360839844],"List_X":[297.28570556640625,220.28570556640625,226.28570556640625,234.28570556640625,251.28570556640625,273.28570556640625,289.28570556640625,292.28570556640625,293.28570556640625]},"26":{"Center":"0,0","curTorelant":0.0,"List_Y":[267.30357360839844,349.30357360839844,352.30357360839844,348.30357360839844,344.30357360839844,327.30357360839844,298.30357360839844,280.30357360839844,277.30357360839844],"List_X":[297.28570556640625,220.28570556640625,226.28570556640625,234.28570556640625,251.28570556640625,273.28570556640625,289.28570556640625,292.28570556640625,293.28570556640625]},"27":{"Center":"0,0","curTorelant":0.0,