{"Status":1,"originalRegions":{"0":{"Center":"0,0","curTorelant":0.0,"List_Y":[29.840011596679688,136.8400115966797,130.8400115966797,50.84001159667969],"List_X":[289.25,411.25,262.25,375.25]}},"classId":["Bridging defect","Overkill"],"regions":{"0":{"Center":"0,0","curTorelant":0.0,"List_Y":[29.840011596679688,136.8400115966797,130.8400115966797,50.84001159667969],"List_X":[289.25,411.25,262.25,375.25]}},"filename":"G_Train","listIsAutoLabel":[false,false],"pointAutoLabel":["0,0","0,0"],"width":512,"height":512}