{"Status":1,"originalRegions":{"0":{"Center":"0,0","curTorelant":0.0,"List_Y":[223.44000244140625,362.44000244140625,332.44000244140625,268.44000244140625],"List_X":[231.5,299.5,183.5,314.5]}},"classId":["Bridging defect","Overkill"],"regions":{"0":{"Center":"0,0","curTorelant":0.0,"List_Y":[223.44000244140625,362.44000244140625,332.44000244140625,268.44000244140625],"List_X":[231.5,299.5,183.5,314.5]}},"filename":"image.png","listIsAutoLabel":[false,false],"pointAutoLabel":["0,0","0,0"],"width":512,"height":512}